,A,B,C,D
2000-01-01,-0.20407433560423235,-0.9520022203549248,-0.7838621137301054,0.6738487887218264
2000-01-02,0.9393667162320442,-0.9818717112800821,-1.1477688808361814,1.517844750857241
2000-01-03,2.1525024588147414,-0.7917026736075485,-0.5522257607874179,2.297779972774179
2000-01-04,0.82989628940884,0.7236498210643767,-0.5707571462900393,0.9771575644218797
2000-01-05,1.8888193387798466,0.5851064531797957,-1.1382323571657968,0.40618788561086816
2000-01-06,2.2344759306017865,3.1968866959284,-1.8065982424926543,0.42486319511161663
2000-01-07,1.9346757418416747,4.725954903925723,-1.5927585215361126,0.08134782577003252
2000-01-08,2.399900804412215,3.313090445122704,-1.1987355117963079,-0.7071780163154546
2000-01-09,4.166483373660157,2.7366410432230124,-1.3616206220919758,-1.1008240886560874
2000-01-10,5.982589694271073,2.3045454547756656,-3.078587684955839,-3.009910156939278
2000-01-11,5.11511205322884,1.979711854575546,-2.6869823559541803,-2.8185175254539754
2000-01-12,5.999132887246938,1.54816816552678,-3.7230937124881045,-1.727523319770854
2000-01-13,5.991046910691524,1.2302831669556884,-4.804960328554793,-2.1273017141064083
2000-01-14,6.3930297683805355,2.077004772370537,-4.256729513891877,-1.3773154721067113
2000-01-15,5.988970088132893,2.1457987759981685,-4.27799159498487,-2.0237879814662194
2000-01-16,6.495260963305574,3.3975811261282454,-2.5315006107850047,-3.286976646391042
2000-01-17,7.342721089366143,3.654299173400359,-2.476252011507688,-3.4565178298029995
2000-01-18,6.136697347443783,3.952398870751172,-1.4688170285003654,-3.2563017804820356
2000-01-19,4.852876683185744,2.1663195646204825,0.6472429693498134,-2.484114893717097
2000-01-20,5.132337271755082,1.0219720813674356,1.3658839935892206,-2.533854028439275
2000-01-21,4.136640535128159,2.7800838255871585,0.223701146370352,-2.8815785615999823
2000-01-22,4.46386959273651,3.0514449972782947,-0.13312854403292806,-2.8834198690692006
2000-01-23,3.754702924164215,1.748470492675833,-0.9839840244549403,-3.00639179257012
2000-01-24,4.459647116888252,1.046391589286483,-2.3568251384841457,-2.372672807799124
2000-01-25,3.3529565358854976,1.4516230070298426,-2.8910111084137142,-2.0781952828079198
2000-01-26,4.65890339119081,0.2752648070094972,-1.7108819690612067,-3.205808729806162
2000-01-27,5.8415357178807295,-0.9265080237734313,-1.023143733648113,-4.073040435341217
2000-01-28,5.008704304608991,-0.8681265379899883,-0.42628981071641125,-3.600250991534383
2000-01-29,4.510750771121176,-2.849666053869907,-2.4992643370830567,-3.638739754242697
2000-01-30,4.243842409120286,-4.042312963364597,-2.2781294138519192,-4.915510166308771
2000-01-31,5.1960217741006725,-4.529881405305236,-3.848525961723201,-4.888584965216164
2000-02-01,5.790181293110456,-5.735810078731866,-4.243869750124115,-5.9542023463995255
2000-02-02,6.118905065403355,-6.214861904504255,-3.995334824696337,-5.537814541489464
2000-02-03,4.952990040743783,-4.878444833907334,-3.9618630381292834,-5.460879630643737
2000-02-04,6.555123451671126,-3.6774775856237323,-4.7946995689352665,-5.6264584064111585
2000-02-05,7.2339568920356605,-3.718244656342403,-2.9099038227541545,-5.389403311407845
2000-02-06,7.239072946677843,-2.6621030342254537,-3.526040694730099,-4.159387285764654
2000-02-07,7.336598769769809,-2.5628709358418966,-3.228932366812812,-3.1059223426482605
2000-02-08,6.8006565760535835,-4.4665860207844466,-4.569530446659177,-1.5534973864868822
2000-02-09,7.677098575341342,-5.513763939059791,-2.3809739600986894,-2.375687907894601
2000-02-10,6.835404955755051,-4.8448867066287615,-2.3142271006828046,-1.7199532393066819
2000-02-11,8.439432659856559,-4.32109920011393,-2.5834926175312938,-1.14899519461864
2000-02-12,7.7313076738817,-4.718624725249582,-3.7148440050338394,-2.4314041232016024
2000-02-13,6.990246469295191,-5.933714238259924,-2.9307727414660603,-3.327906172333002
2000-02-14,8.084734809164559,-7.141236626699173,-2.347094893578531,-3.6128782246075914
2000-02-15,8.634514183836654,-8.3947720178747,-1.2906277403439266,-3.685903105652824
2000-02-16,8.955481663251463,-9.66202433900345,-1.644662842674962,-3.1829867875354796
2000-02-17,9.911259921352167,-9.895357411762626,-0.7646198693619325,-1.9754696674264627
2000-02-18,11.424143443744098,-12.140519869459336,-0.4288804920167968,-4.060859459169039
2000-02-19,11.336902577690674,-12.2049313096173,0.24956719348793777,-4.632454653311215
2000-02-20,11.287683938170513,-12.617532473283864,-0.548121349015742,-4.4418244111943155
2000-02-21,10.77857934457647,-13.147059895264707,0.74435044143783,-4.871141212755273
2000-02-22,11.055289947037044,-15.079420223070564,-0.020597665189459935,-4.27451549379178
2000-02-23,10.541323229436259,-13.6532194539357,-1.6002566058306535,-5.536366619784284
2000-02-24,8.073589928637189,-14.612571420362263,-2.561322911976312,-6.397723130145799
2000-02-25,8.44989680348217,-16.190510780066614,-3.795214572398335,-6.34508907453149
2000-02-26,7.342556900482489,-15.724044748404658,-3.7119442090444212,-6.645492057162795
2000-02-27,7.41057981725543,-14.598486741527775,-3.0665913345658917,-5.335028043616973
2000-02-28,7.676087963686209,-15.081624514685386,-2.5173609192544246,-3.8940530101943525
2000-02-29,8.372013738693987,-15.337620166409883,-2.2738146350312762,-3.5696109140920913
2000-03-01,6.816326690631297,-15.627760762852414,-2.1938954104214696,-5.4621793617265055
2000-03-02,8.90585963169967,-16.22342574539677,-2.553698908874966,-6.850013075915479
2000-03-03,9.191185658320208,-15.70708541108695,-3.0166717356705286,-7.018450269432705
2000-03-04,8.017878337291306,-15.673827406412473,-4.4047800494289575,-7.013325983117527
2000-03-05,9.921205338237256,-15.513922979248994,-6.318624063497814,-7.621358440566668
2000-03-06,9.281063201339597,-14.174773903008575,-6.384763455162978,-7.91868842290453
2000-03-07,8.11028652527455,-14.50913456446834,-6.421153401618273,-8.814161646786811
2000-03-08,9.497804079654687,-14.37683400468314,-6.685672886989208,-10.309148678878035
2000-03-09,8.77875692499691,-13.009327143624313,-6.401860771744711,-10.704321851360499
2000-03-10,8.067238657464452,-12.835014720452369,-6.981518032097875,-11.66100202353166
2000-03-11,8.089887100454899,-13.910211500886152,-6.40868523499104,-12.083372723971634
2000-03-12,8.474385629099402,-15.300192135769699,-5.286420817299108,-12.32311850552501
2000-03-13,8.314900122412219,-14.898630951675168,-4.579495954923296,-11.286866285865315
2000-03-14,8.461453757686714,-13.654983982436795,-3.767649614401475,-11.355272518639023
2000-03-15,9.787939429665583,-14.018022204699646,-4.052342100810722,-12.390900952359697
2000-03-16,8.393493710470068,-14.768422920313355,-4.340164074633604,-12.832528302666455
2000-03-17,7.641831558533154,-15.205519664258405,-3.8286476898355666,-11.770576619718218
2000-03-18,7.319336588614827,-14.232017373863858,-3.331893808502711,-12.291561548660665
2000-03-19,6.845121866167476,-14.042147068319148,-2.796025132511752,-11.190227351510352
2000-03-20,5.732304860007984,-13.776519843185591,-1.7581038753717817,-11.412419851144284
2000-03-21,5.779742869843525,-14.448521362131645,0.11199354774850345,-9.321597676073102
2000-03-22,4.3305752994511835,-13.704489394047535,-1.3580195198570653,-9.376140555932572
2000-03-23,4.4309134730224065,-14.04179359473005,-1.4568139021902422,-8.453712004790034
2000-03-24,5.408656764973114,-13.60463679917187,-0.5590569981907698,-7.5937189548416155
2000-03-25,5.984816575877623,-11.75439380784625,-0.7891405671713102,-7.398658202443867
2000-03-26,6.016705650127212,-12.060773498897763,0.012289642123177846,-7.293714662349237
2000-03-27,5.8339408254757075,-11.978942345307008,1.516349275104616,-6.202892568833407
2000-03-28,7.347062098916892,-11.42422462585192,1.4703919856754673,-5.745131418516012
2000-03-29,7.956990139351016,-12.456849610150753,0.3708611144416587,-7.27512427093419
2000-03-30,7.022348838704243,-13.212513342135258,0.3594101442829697,-6.165720696841753
2000-03-31,6.578602235188971,-14.69312538546704,-2.52881683527553,-5.847003412730235
2000-04-01,7.3036839205468915,-16.288625395053398,-3.3790978156646814,-5.599451527702459
2000-04-02,7.085936809299911,-16.199859584399743,-3.2227923510846055,-6.4707094147565964
2000-04-03,8.707315654136387,-16.31755500358384,-2.427354561335783,-6.343808099657514
2000-04-04,9.203290767215877,-16.20895227118133,-2.630233477756638,-6.472274917419324
2000-04-05,7.542165196229728,-14.188834199014737,-2.801271809011862,-6.014968706146506
2000-04-06,9.253373278149521,-14.100104611065017,-2.7377906171527626,-8.383261192193899
2000-04-07,8.845846417876595,-15.172902034432692,-2.247754406764578,-7.794724466348673
2000-04-08,7.210657626115789,-14.686981830455677,-2.627936924569024,-9.04678924425007
2000-04-09,7.078016393968485,-15.623015503726892,-2.8756713886960763,-7.872912850067298
2000-04-10,7.324866231171419,-15.890200536592877,-2.225505302764902,-8.794877882057174
2000-04-11,7.192795119778213,-16.51430242115489,-0.8221682905281946,-8.8694121625749
2000-04-12,8.753978621269473,-15.337120683230312,-1.2692157514137798,-9.501004513606382
2000-04-13,8.310786196191877,-14.651765687278628,-0.8240191081399781,-6.206918564112362
2000-04-14,7.130580715341817,-13.153444138626153,-1.8544271463752964,-4.9644661359149245
2000-04-15,7.367390147010583,-14.594180222450216,-1.8070345062698452,-6.253462794620813
2000-04-16,7.538917042772547,-13.96389824079547,0.45832175602131175,-5.511390404178815
2000-04-17,6.570239443835678,-12.933563852276505,-0.3441623860731374,-6.494627323505082
2000-04-18,8.337280271805623,-12.180199835697618,-1.982041327511495,-6.950986970656766
2000-04-19,9.03487398109693,-12.037189425620479,-2.6364495955203235,-7.189131510616257
2000-04-20,10.233590819663934,-15.216535893893361,-4.03339676461805,-7.0394370099864725
2000-04-21,10.939143294758294,-14.096417678007942,-4.11579306657709,-7.300656451358266
2000-04-22,10.70719715994119,-13.655599069693125,-4.094059412812679,-6.439357925927305
2000-04-23,11.083093284442564,-13.834895313650142,-2.128456880560905,-4.891969787437789
2000-04-24,11.34774639361951,-14.104945938417535,-2.6753528846547043,-3.1089937965743433
2000-04-25,9.933917180105459,-15.193848226523016,-3.6001952102634505,-5.015526931940848
2000-04-26,9.206633931800845,-14.56767559476745,-2.0910380260183596,-3.485147754933875
2000-04-27,9.730084293685955,-15.291612593355197,-3.2710225884366744,-2.0459982404273296
2000-04-28,9.948031128555607,-15.176063326056546,-5.203010364994484,-2.566176635525671
2000-04-29,10.68285556259433,-13.360083995600185,-6.180091046404874,-2.8506694075128696
2000-04-30,10.271381154281805,-13.584405327293922,-5.886844987400011,-1.6299533132181352
2000-05-01,10.98514130409296,-13.79752652218791,-6.069761305146631,-3.162902243210316
2000-05-02,13.885901682963627,-13.165825603371863,-6.285892420716183,-2.3543240448668317
2000-05-03,13.022643435131126,-12.383140196346945,-6.0743091449656665,-0.5691872250410643
2000-05-04,13.640179188180381,-12.536231896946882,-4.678473248058754,0.46912704488351586
2000-05-05,13.382645919782973,-11.290423438069933,-3.4485870443620166,-1.1274837377500868
2000-05-06,13.56482422264656,-10.121007096399286,-2.0707601602784607,-1.6965068714984812
2000-05-07,12.910092471646465,-10.224860366269061,-2.2416611760095106,-3.877106437706266
2000-05-08,11.627448840129219,-10.721753247421919,-1.6662814819090992,-4.296284945105928
2000-05-09,11.794525245258246,-9.870762924978338,-2.693310124629721,-4.321792431285804
2000-05-10,12.10005360427775,-11.662733993875781,-2.4668125300490265,-4.362385345242207
2000-05-11,13.431078440401869,-10.069434934696966,-1.2365979811282097,-3.6589677627917014
2000-05-12,13.900772024609585,-10.817417747888246,-3.0225227446418232,-2.4691807448895267
2000-05-13,13.22877586951509,-11.58484979659464,-3.5483522175932984,-2.704136011937918
2000-05-14,12.817216289413809,-11.86892954256704,-3.308360174901433,-4.766007840799056
2000-05-15,13.124068861088041,-11.415443606550886,-4.1470464351548975,-3.716234680324023
2000-05-16,11.34753994156218,-9.241372970952703,-4.725236190664001,-1.7939515744548704
2000-05-17,13.955519950490247,-7.23760399633587,-4.458895981862414,-2.695725551133461
2000-05-18,14.345089676794023,-9.541092575671753,-5.771205485318918,-3.1687639042656004
2000-05-19,12.476305196386283,-9.390997281880823,-4.074355372386703,-4.683087208475904
2000-05-20,13.979647968917801,-8.505160485876289,-3.637249702642719,-4.383928217695474
2000-05-21,15.23157244063611,-9.987883528296388,-3.1013083154625574,-3.631257993721221
2000-05-22,14.857594658900412,-8.401379149712266,-3.426737792589201,-3.00094704925206
2000-05-23,13.877049138356933,-7.259923779665878,-4.610989425853107,-4.240504872019537
2000-05-24,13.915941941490118,-5.566099520696447,-2.8430021812717277,-5.163481978005225
2000-05-25,14.372656804951264,-4.1879827511257455,-3.0144083419878895,-5.335392195991294
2000-05-26,13.793028860433916,-3.817621181907247,-3.041106455055101,-7.017745402489902
2000-05-27,12.510225397425721,-3.077152004192118,-3.731148321447186,-6.706617745957324
2000-05-28,12.983411378938046,-3.676911808424416,-2.155154480334566,-8.082395526805941
2000-05-29,12.596996478738523,-3.5628995275087227,-1.0936001886480207,-7.147101514434374
2000-05-30,11.616105226640832,-2.546200784881666,-3.1855338136464653,-4.667712018131588
2000-05-31,11.988953462650658,-1.6898578836244118,-3.5070428753790934,-4.42694147048059
2000-06-01,11.871597275883243,-2.4207761069224127,-6.050140560189162,-4.769865788198338
2000-06-02,11.633116055330442,-3.3868349577187464,-5.787514085527059,-5.118088279690773
2000-06-03,10.454906937923857,-3.483021224887522,-5.739728460280761,-6.054950539298899
2000-06-04,9.999607859097138,-2.7213904668341184,-5.965566896854081,-7.111797631493426
2000-06-05,9.251548912514616,-4.477445089286025,-4.702153963343866,-9.313415078089978
2000-06-06,7.211596800338398,-4.203502389123154,-4.462895742806241,-8.33838971294243
2000-06-07,8.233640935472451,-3.172221973771855,-5.565123206098612,-8.192932060766735
2000-06-08,7.718359026603659,-4.38925449728927,-4.422282405715893,-7.868978564552375
2000-06-09,6.482464976124002,-3.7454636786870337,-1.8685247844405324,-8.369023476876174
2000-06-10,6.501900671758185,-3.8166336541530224,-1.6873909758027021,-8.959041537469595
2000-06-11,7.106598494159111,-4.160209858494178,-1.9286297507740977,-7.577713757776832
2000-06-12,9.583140888025026,-3.802562327350478,-2.4957809542033815,-8.439607527171543
2000-06-13,11.152308341171155,-4.47867667801654,-1.8419202603410412,-8.395320336266298
2000-06-14,11.345062330728785,-5.325621080773788,-2.8327207755895203,-7.317308649671222
2000-06-15,9.322944066262338,-6.09043848890016,-2.671919974558606,-6.528434124323352
2000-06-16,9.81922211376201,-7.14368894027408,-3.857563068923393,-5.9704377682780825
2000-06-17,9.475939540285601,-8.675361181379987,-3.8450372326115545,-7.91112371296681
2000-06-18,9.284933489135156,-9.92005943845996,-3.3875268158258143,-7.638747363162989
2000-06-19,9.510513481503889,-7.286466385512828,-1.8395937304856753,-6.977449035609529
2000-06-20,9.577275308357805,-7.48214330399866,-1.653082904828321,-8.1384189706502
2000-06-21,9.996707338388816,-8.361080351560108,-2.3241968374969786,-7.6044124420105765
2000-06-22,11.074795174263787,-7.329825133047949,-3.0461619640796815,-8.393211434224815
2000-06-23,12.547795839593464,-7.46554633565852,-3.959544746736788,-9.373070042789042
2000-06-24,10.621033126313064,-6.839242441644419,-3.068047422355588,-10.216475139857836
2000-06-25,12.234672257268453,-6.606493000324233,-3.0039031631080984,-10.044591440576886
2000-06-26,13.468745788774804,-6.6859647226920185,-3.576654052192481,-9.684034188408125
2000-06-27,12.947776823607446,-6.534136816611203,-3.1087802260484163,-9.540543467565891
2000-06-28,12.223855573517296,-7.771254781227439,-4.0060277464606315,-8.474623616819402
2000-06-29,12.165910662484956,-8.982115124368224,-3.4172753687757282,-9.060077447847085
2000-06-30,12.874229760621324,-8.576653818320288,-2.8986013492392777,-8.600461904695944
2000-07-01,13.27625962313052,-7.859943760773675,-1.3645689956387592,-8.772050594458184
2000-07-02,13.438769010249342,-7.662207193469583,-0.24743988376858006,-7.570655200134814
2000-07-03,12.276460190395156,-8.90221331310253,0.4222840887011612,-8.127229466160628
2000-07-04,11.277018644938757,-7.642362125952271,-0.9281919042025706,-7.354968694354394
2000-07-05,10.870323910072349,-7.884322251110911,-1.7662225903321147,-7.8259935331268045
2000-07-06,11.67478354666095,-10.293980331575092,-1.987835897686086,-8.781907476840189
2000-07-07,13.576900814003277,-12.616390262265375,-1.6584969792120217,-8.564824566786884
2000-07-08,14.73282972071719,-13.774872063979057,-1.160398095023621,-9.250332076080849
2000-07-09,15.843533173533455,-12.944967148035468,-1.3916587315775304,-9.396066565314127
2000-07-10,14.771502566420505,-14.968951486068619,-1.1360826780607491,-9.598448735127251
2000-07-11,14.213272332868154,-14.407722003957218,-0.5128174685497183,-7.562464436792236
2000-07-12,13.811257611343638,-14.679662221855047,-0.3563175242899028,-8.21460130815602
2000-07-13,13.738847587790325,-14.671915960078175,-0.08973110535520057,-9.655316428333542
2000-07-14,15.064687335881846,-14.565167788024413,-0.9351957938588371,-7.276490478253612
2000-07-15,14.031577857790104,-15.254191255056755,-0.3638382769339492,-6.4379443531527185
2000-07-16,14.880084997682241,-15.244918019721165,0.8978527972100872,-6.968582411469145
2000-07-17,14.94663003564418,-13.254932328662413,0.6456908443887204,-5.482598933137298
2000-07-18,13.223438298160588,-13.945355431777818,2.2616972595924327,-4.589789362420051
2000-07-19,15.395838505575522,-13.943664181903074,0.06983662835004356,-4.1724151404448095
2000-07-20,14.891109043964859,-15.706070073050103,1.2285627620394977,-5.799961353151059
2000-07-21,13.07011218472321,-15.865935171205038,2.7076565012047675,-5.16638253368471
2000-07-22,13.042899332607274,-14.181657300016585,4.700947576135276,-5.69944309356061
2000-07-23,13.829142258963579,-15.201192608800147,5.494487536944957,-5.549915211757032
2000-07-24,12.975735376126636,-13.281955851365659,5.7928468850614525,-6.285742812466794
2000-07-25,13.247281539052626,-12.552907390122405,4.689294821694656,-6.648449332957673
2000-07-26,13.543568725082878,-11.516170063936634,4.585181037532218,-5.680047281382942
2000-07-27,13.957029949783164,-10.80663818658345,3.3786841204776628,-5.534902323654805
2000-07-28,14.934710906704552,-11.679638206811493,2.2860634922319023,-5.701636511109381
2000-07-29,13.978515361442305,-11.562207976689491,2.2541785006323978,-5.947419255542755
2000-07-30,15.572634934272955,-11.949256017867414,2.770031517462931,-5.778872229357525
2000-07-31,15.29222863517787,-10.875377262947325,3.7277670765500153,-6.450066740984701
2000-08-01,14.609991345133148,-11.96863710734295,3.5090940782754467,-6.742695719001637
2000-08-02,16.38659385425909,-11.922406224587105,4.646597398711209,-5.545006958894426
2000-08-03,15.406042031507688,-14.039243165931307,4.9310401428759025,-7.7439645391907455
2000-08-04,15.322528928550987,-12.565957624787671,5.752842403194487,-8.133535182717834
2000-08-05,15.627654685821456,-12.540921898160578,4.4920804575564945,-6.777729892945328
2000-08-06,16.980102732840272,-15.1161586544405,4.591676332160939,-5.6348402058947356
2000-08-07,17.327178094717564,-16.300602282145306,4.591410597813376,-3.2900875155397094
2000-08-08,15.91681011001285,-16.241096804057342,6.577308153380351,-2.8248458757204338
2000-08-09,16.194017306070663,-16.74653491441135,7.315600164019937,-3.8620287837139298
2000-08-10,14.47948244821809,-15.47775582174858,7.017016659941242,-2.5959644608469805
2000-08-11,13.3422156000478,-15.398245201068399,7.820185192465599,-2.7159585284043497
2000-08-12,14.285246884368274,-16.40477102150693,8.798929568384855,-2.922997932646932
2000-08-13,15.3228342669256,-16.12308302423332,8.173641934528368,-4.874732168354064
2000-08-14,15.488613969344451,-16.003279762140252,8.897943290707701,-5.233104810048443
2000-08-15,13.607068541616242,-15.30912001423581,10.151668897440025,-3.625227151041651
2000-08-16,14.317762707673403,-14.722794243925293,9.930751072703833,-3.4124293324905652
2000-08-17,14.299558852943292,-14.250965486032847,10.28152999965634,-4.476335949681373
2000-08-18,13.379901944923658,-13.76602672700332,8.52323710924024,-4.585531929259822
2000-08-19,13.93802001033699,-12.75167071644013,8.992499788579668,-5.412837247223991
2000-08-20,13.957381138057908,-12.941387417541373,9.387694263828504,-4.137407678480081
2000-08-21,15.361023954564304,-11.049337441205807,10.89381266093912,-5.237456655621562
2000-08-22,14.637959128117236,-11.2178022289485,12.763289296857696,-2.4245462547326837
2000-08-23,16.793207130208845,-12.424208821194004,12.061603173305624,-1.7623786427317578
2000-08-24,18.648248043849787,-12.037828929829692,11.604920151568551,-2.224233900983755
2000-08-25,21.13447056822181,-12.184112571292792,11.179524384780414,-2.336079680585309
2000-08-26,22.07175424972865,-12.396475404880883,11.476259209467166,-1.8166179478234972
2000-08-27,23.161867822382643,-12.200581046489868,10.808658509980601,-0.9895089327510835
2000-08-28,22.907574245103902,-11.771300753727626,10.762476940042095,-2.4980943714690778
2000-08-29,22.42823022992589,-12.294817586802111,12.945116501846188,-1.6977579791024593
2000-08-30,22.78333853185011,-11.484163880144322,12.875309601904757,-1.5628854779832957
2000-08-31,22.78554746021501,-12.684018361692527,13.991286688872414,-3.6241263931106635
2000-09-01,21.788274836615233,-13.360592273714596,14.27233751755136,-2.5808366352977856
2000-09-02,22.805383965931682,-13.811258222216287,13.469767061387934,-2.6874228040790404
2000-09-03,22.1813151499243,-14.012748463567199,13.468308049810553,-1.8079564217975406
2000-09-04,21.69836901490862,-15.040712822012257,12.372939535285546,-2.4364872276090193
2000-09-05,21.327094864322394,-12.925232936484985,12.582095542082229,-3.3826422963198874
2000-09-06,23.113369612018097,-12.477998937133364,12.969360763199646,-3.0998077909486734
2000-09-07,23.277231224170727,-13.252732860665004,11.659835917717258,-4.033510951321255
2000-09-08,23.584175558646596,-11.566976183872285,10.883762457797037,-4.59281847486505
2000-09-09,22.966236909829426,-11.598855041422963,11.09226201971931,-2.3852436549909006
2000-09-10,22.84348070459351,-10.944658610719358,11.325843096030699,-1.8062064762212091
2000-09-11,22.11305840432433,-10.68246776832904,13.538971547409282,-2.8368372221238154
2000-09-12,22.817328238313863,-10.620461742284649,14.095033217092592,-1.2056970763568777
2000-09-13,24.527600166370206,-11.493459204863692,12.638968853195333,-0.9151079029304708
2000-09-14,24.91583006065814,-11.430009567320317,12.573233505552054,-1.4312787700782843
2000-09-15,25.242752650526395,-10.140346148133943,13.094787518046248,-1.4789741830283363
2000-09-16,25.387945758947627,-9.925284720720029,13.291644661261207,-1.8506727179276437
2000-09-17,25.287923608102506,-10.100431252666658,14.683673360632211,-1.33616241812683
2000-09-18,24.486037389132253,-10.660414248594304,17.295055217295168,-1.5661038487987353
2000-09-19,23.693726870667632,-11.935302776413053,16.3696279444799,-0.9408568171228547
2000-09-20,25.46103133843735,-10.368929593177912,13.984207414349651,0.2259468139895241
2000-09-21,25.98268983171556,-8.777230651788733,14.30007371151541,1.6522243155001726
2000-09-22,26.20236469591742,-7.6510210959194085,13.335393389673685,-0.6539618970697783
2000-09-23,25.009076503770103,-6.848144725499632,15.121481032498368,-0.3386397587438874
2000-09-24,24.911616803578404,-8.645236383308227,13.3845853418142,-1.637453932515623
2000-09-25,26.818559254788795,-8.97937229645733,14.496311230475063,-1.903714527047509
2000-09-26,27.850302868099195,-8.361592655616832,14.976989063358998,-3.675409499926869
2000-09-27,28.632620741063697,-8.826757481048869,14.815093484601448,-3.5753394209577674
2000-09-28,28.991009112025456,-11.023859928528669,13.927891513505738,-4.583317647489926
2000-09-29,28.00602140152933,-12.194871553033211,14.484960488670321,-5.481515402160553
2000-09-30,26.708146633832428,-11.25998985190963,13.991929540127709,-5.439313981773435
2000-10-01,25.275830136555825,-10.797789259824178,13.529348720080474,-6.628880825558506
2000-10-02,24.552369010885638,-11.137078079582919,14.072002681298025,-8.32548774578437
2000-10-03,23.86936939686107,-10.954966113366595,14.96639506067971,-8.020455220968131
2000-10-04,24.81388882570066,-10.301568848807113,14.450699736868724,-8.327139945643559
2000-10-05,26.09851294374547,-9.396540155271492,14.977603175325008,-8.442744672573049
2000-10-06,26.670538328375578,-10.36786566825197,14.767322237318794,-8.679630467025593
2000-10-07,27.5707319184175,-10.252577295998051,16.70166436241073,-7.742661186013825
2000-10-08,28.429864981331463,-8.558445319118425,15.625678312693386,-6.338756425548264
2000-10-09,29.458853419467633,-7.224135269393771,14.765143184776736,-5.367142746925675
2000-10-10,29.054375442529157,-6.495770791842211,15.60971921490366,-5.328584460946094
2000-10-11,29.891821598686292,-4.755885233585738,14.328373177728933,-5.150228118082349
2000-10-12,29.997132838200656,-3.91474336489784,15.19205219296594,-5.854362664647479
2000-10-13,29.06167172043556,-2.484881709514031,14.662281443558612,-5.4360955621996405
2000-10-14,29.992458039659816,-1.8660712759379503,13.746228334618683,-6.818542345696063
2000-10-15,30.701754997557213,-0.28595106374975043,13.528519615555084,-6.922782114463428
2000-10-16,31.37878857496455,-0.9085156085180875,13.90342439881505,-7.808145683743671
2000-10-17,31.51025738249492,-0.7648826155292481,13.107237759163747,-6.70920368262361
2000-10-18,32.242487110699315,-0.17293287093632648,12.758358230704923,-6.672486760976097
2000-10-19,30.884327595591618,-1.2297447846007874,12.894287689911382,-6.996145969896558
2000-10-20,29.98499568427377,-1.6974091430586167,12.515092281223716,-7.163786822127374
2000-10-21,29.528223731952146,-0.7821463738761448,13.335090225708104,-6.729747678976155
2000-10-22,28.84970480036137,-1.0638313199732925,10.250744839916504,-7.466895840872795
2000-10-23,30.507561837005326,-0.7118341265880138,10.800621713385134,-6.557551910360157
2000-10-24,31.99858572492809,-2.1706272975583385,10.582830004667247,-6.8068868013324
2000-10-25,32.045913246859676,-3.068843681489226,11.745575243774635,-8.200758898421256
2000-10-26,32.55579570421423,-2.775031492558834,10.648749746840235,-7.2703486651505065
2000-10-27,31.99106238175021,-4.099397060267261,12.209118344528356,-7.445388560269706
2000-10-28,32.76874467240797,-4.95931598819235,12.776847798071268,-5.041951372340391
2000-10-29,32.77676005675761,-4.34619690244114,14.374594646053552,-4.038756763696355
2000-10-30,32.03810175029018,-3.9806786005760024,14.7805617033067,-4.174672578536971
2000-10-31,33.05394755737768,-3.642413379753652,15.231281798962526,-3.4117709415497974
2000-11-01,34.20960106926298,-2.8488494330005323,15.029641836086595,-3.392689673395055
2000-11-02,34.361080449524174,-1.8559667276942111,13.902376547990848,-3.9801825111544593
2000-11-03,34.044935781705625,-1.6649735258576317,12.20065997881016,-2.7522123537540466
2000-11-04,33.68985999331232,-1.7462755384744635,11.654777591790051,-0.7724691247979458
2000-11-05,34.201104611396126,-1.7765014027301151,12.404500747229312,-0.06801628310614949
2000-11-06,34.06560369942357,-2.4340464310547842,12.534396148105447,0.7053016603818594
2000-11-07,32.87693552126655,-2.8222370947739948,14.023586420851094,0.8235557115269762
2000-11-08,33.03580745008578,-3.3090296021003556,15.38861117505852,2.2482908687130876
2000-11-09,32.456199001947255,-4.666414882544653,15.960525316716128,1.0593043681315826
2000-11-10,32.20124213916721,-5.616356404089584,14.728716098101154,0.6624853488736087
2000-11-11,31.709409765945598,-4.510375604393593,13.110582345491206,0.0876627828613894
2000-11-12,30.69045565592265,-5.888081172703013,14.378640274887918,0.12978767689791895
2000-11-13,31.601602866042327,-5.219005320370948,13.583559677955954,-0.7430909319722583
2000-11-14,29.40537341190277,-5.134164438401936,12.102392798415014,0.4177960070680369
2000-11-15,28.670711405607303,-5.51428261899551,11.064109655026192,-1.49156398471447
2000-11-16,29.848391835911602,-3.5610148716266004,10.093465117358157,-0.8311055338739013
2000-11-17,32.01120400919518,-2.8900934765404847,8.256870585017621,-1.5985824057789721
2000-11-18,30.07574192912377,-0.7874480394242447,7.235928557647998,-2.053392368398589
2000-11-19,29.548939026375756,-1.023735447879136,7.707657539513949,-3.157935880017937
2000-11-20,30.286653218969825,-0.9831022949056893,7.884496379085243,-4.03554575668501
2000-11-21,30.752314377481422,-1.028329296648609,9.148698177958416,-4.84296107480329
2000-11-22,29.57984424565283,-1.6625232714938516,8.936315061551632,-4.8440295897149515
2000-11-23,28.666245711213598,-2.0594963993453472,8.725531710832447,-6.686205633914286
2000-11-24,27.26866982249188,-0.9121445443571647,9.36906889540967,-5.346826268060155
2000-11-25,29.35126806439717,-1.3073906052418025,8.60272113019208,-4.755079069502733
2000-11-26,29.840336647332588,-0.6273175209741939,6.4142048956618725,-5.136481736421216
2000-11-27,29.151646263100876,-0.4722138067238093,4.74859637448234,-6.896560933639656
2000-11-28,28.7444209653228,-0.6228190023773222,4.483902249014618,-6.44164034118117
2000-11-29,29.244147725509304,-1.4043983939197546,3.520678207868252,-6.26607903161232
2000-11-30,30.527060156009924,-1.9126810578610016,2.9221579150003825,-7.423477299929506
2000-12-01,33.291460417686686,-0.8666666481482272,1.8330814700167477,-8.61155683121009
2000-12-02,33.25527547672728,-1.6733151398888828,1.7881458162546655,-8.636963252136207
2000-12-03,31.230842220052573,-2.408204435724726,0.8119023311737118,-8.232072635754713
2000-12-04,31.88297380941273,-2.1846109550019315,2.9475942218972904,-8.63276826102368
2000-12-05,31.556135841084863,-3.2371084889589947,4.630015813824798,-9.712602270949764
2000-12-06,30.675989939468234,-3.067157766810549,4.511259858923913,-10.362369574033035
2000-12-07,29.604061226542434,-2.8142849465899107,3.8053617040484253,-10.732437607158438
2000-12-08,30.63847219582575,-2.2489782682667454,4.941738243719611,-10.890320803134138
2000-12-09,31.131058097387747,-1.9091519691821364,4.470567591257048,-10.874180622014833
2000-12-10,31.672177271361566,-2.0315547163863292,4.8221699037002725,-9.808331796037741
2000-12-11,33.22199232923031,-3.30117519734811,5.409370308492013,-8.478924198520462
2000-12-12,33.000624699230244,-2.4856627111690814,4.589843692756832,-6.257186932597838
2000-12-13,33.2723221730098,-1.8169503796133148,5.664480092325832,-5.640206799154795
2000-12-14,34.30316340871366,-2.365387591410799,6.640488208160841,-6.010961116549836
2000-12-15,35.02764321512299,-1.172752081731587,7.401561250475476,-4.996749007340929
2000-12-16,36.23218735813098,-2.3456894857929274,7.2891589181021965,-4.6070546119060705
2000-12-17,34.620072590971525,-2.075050331278757,7.402716592374502,-5.206761099378096
2000-12-18,34.95628255359027,-3.883309760130159,7.277827100073298,-3.882859561689597
2000-12-19,35.51691287985005,-3.865693593674131,6.228540153027618,-3.5813850028523038
2000-12-20,34.334716682623856,-5.3481517157566465,6.254405037211497,-4.979431905379556
2000-12-21,34.93249865643701,-5.886349919420075,5.034611352935441,-4.490469566399122
2000-12-22,35.0217316912509,-5.565548413638727,5.246541188347206,-3.6173847725082853
2000-12-23,35.160491156145426,-4.724142743812971,6.228599998752138,-4.281816494148098
2000-12-24,36.298781731434815,-5.182641605469142,6.21462554096289,-3.6859469273944176
2000-12-25,35.21353391004087,-4.964054305562055,5.578581550185312,-4.953830590154782
2000-12-26,34.880382501730466,-5.156107699745724,5.601030648111825,-3.407526977979212
2000-12-27,33.63405489722358,-5.75367367978314,4.968590787496085,-4.202480011661383
2000-12-28,34.04293137424778,-7.093793540730724,5.28336395430491,-3.169395084827118
2000-12-29,34.453988334914754,-7.357527560519339,4.538823557862329,-3.76605855462224
2000-12-30,34.79700193283974,-7.923186033988206,3.7743956527146425,-3.38740619345901
2000-12-31,34.76911400407788,-8.628571737398195,5.337854648655736,-2.5736554762987183
2001-01-01,34.43750146242739,-10.83289812488785,6.85596438508757,-4.618624615347351
2001-01-02,33.76919751175398,-11.6380065574323,6.183722495606177,-5.441683968463919
2001-01-03,34.44815717809066,-10.284319521399038,7.211184864668702,-5.343399986630457
2001-01-04,34.05452625239538,-11.318684563256358,7.6187284949030865,-4.553323649002554
2001-01-05,34.98169004178741,-10.879182495686711,7.683613709235177,-5.664981469974228
2001-01-06,34.209516094696674,-11.980828498792716,8.117017556085875,-5.134169156689657
2001-01-07,33.07073533689907,-12.710919576184374,7.540144890306326,-4.464215351881275
2001-01-08,32.37083572687532,-11.539850376555076,8.131641359690962,-4.707035452162497
2001-01-09,32.50036744133947,-10.399178006052368,7.860559814354778,-7.04834776641702
2001-01-10,34.22012802856284,-11.585221680530186,9.458760217355733,-5.07731001916937
2001-01-11,33.99798437046217,-12.00708439127861,8.884870376868797,-5.9388819036963945
2001-01-12,32.83328989699061,-11.357876977773662,8.303206420179176,-4.788507530843329
2001-01-13,32.36868070981177,-10.48644181391508,7.3288130291843,-3.9824046632953234
2001-01-14,33.03217390250325,-12.601157768483542,6.147600370982448,-3.924056377335807
2001-01-15,33.65866304051341,-12.487422670842982,6.701064291411072,-4.194056104894303
2001-01-16,32.527227720784374,-13.018989175073159,6.036712834162047,-3.5609294970572294
2001-01-17,32.481578673911415,-12.358299312784263,5.550510235870463,-2.866212207140575
2001-01-18,32.17593195521881,-10.92731967628687,4.943403993394515,-3.3821072150928226
2001-01-19,31.604466184644583,-10.968814172482757,4.34606804580146,-2.882919281030678
2001-01-20,31.51988983605621,-10.28637714144525,5.606546790448878,-1.9437148873337178
2001-01-21,32.02166801273566,-10.60515182665434,5.881498686961824,-1.265388207343232
2001-01-22,32.509848019216406,-9.91004156554732,5.852651760109945,-1.7074179851502063
2001-01-23,32.88379842064865,-9.27645378256495,6.987013196620925,-3.970580505532413
2001-01-24,33.54602043335316,-7.937817211688444,7.816280493997094,-3.775857029524032
2001-01-25,33.91976309369733,-5.5425614599066755,7.179549218254668,-5.42012351226588
2001-01-26,35.99466273198829,-4.965131039087546,7.590888466883951,-5.012964276889368
2001-01-27,36.469789098698534,-4.5473929500600505,9.063968120327848,-4.621971297489645
2001-01-28,37.391992059711846,-4.860751590109121,9.900279881123998,-2.5892220707216147
2001-01-29,37.2129823556373,-5.690686995958247,8.942037481144594,-4.903459397290103
2001-01-30,37.92676313651379,-6.051541296669239,8.469295349731437,-5.076434969469162
2001-01-31,37.90748629494322,-5.819465228001015,10.423292905888797,-5.996560639725346
2001-02-01,37.19873745029837,-4.585894235374926,11.076477075058634,-7.5580872648481465
2001-02-02,37.05831998478544,-5.325277367829605,12.379892896091018,-7.511210600539369
2001-02-03,36.95065299918092,-4.889123284943158,13.124718423700433,-6.367603355065671
2001-02-04,34.622538386098576,-5.8609241561582035,14.008790770754587,-6.057697115947009
2001-02-05,34.784178656500025,-6.345755012372032,12.879161861050711,-6.860198514299582
2001-02-06,35.90216245142721,-6.047988097901427,13.135311889791632,-6.803808946756996
2001-02-07,36.16629879962309,-7.333723934567056,14.778153272114556,-7.0393075694585345
2001-02-08,37.55466002380168,-7.466148049474588,15.676534050460807,-7.220306968103641
2001-02-09,37.3150518553375,-7.3113639662268906,16.89245525303133,-7.597238812722653
2001-02-10,38.060117604587326,-6.717005850490192,17.52197680988671,-8.594864956695224
2001-02-11,38.87420193164862,-6.490935189270334,16.777932205476123,-8.280309171404918
2001-02-12,38.96652033920634,-6.976183978333628,16.333336612067338,-8.460584111053418
2001-02-13,38.03679107002528,-7.601884498406909,15.989677909928808,-8.375907665415383
2001-02-14,36.95949173804907,-8.864106318479978,16.108802702071515,-8.827143095411005
2001-02-15,37.788335565781594,-10.318945337091275,17.659243160364845,-8.00360472747511
2001-02-16,38.070861883906616,-9.879394093889173,16.71730873209618,-8.242143149361024
2001-02-17,38.829102447881596,-9.805957170296747,15.762435791528262,-7.656853107824572
2001-02-18,39.10977381035832,-9.19444560044565,15.852884651677813,-6.837467166429707
2001-02-19,40.06167394761103,-8.156685770281763,17.558672064619063,-7.347162082660997
2001-02-20,40.37924689697899,-7.71151465806587,17.722349741565946,-7.350618373546659
2001-02-21,41.40774313036375,-8.993733369437477,17.718806837016174,-6.3663988951044
2001-02-22,40.91275969844163,-8.970670243618065,17.798693659703073,-5.907798142465833
2001-02-23,40.23377720175279,-8.878711453249613,17.4010093243728,-5.049037496808272
2001-02-24,40.67164855994442,-8.661284433068838,18.498004578552795,-5.422378103871901
2001-02-25,41.41060936347497,-8.47266320235198,18.697094950989463,-4.556783303320028
2001-02-26,40.71405502815561,-7.816584823030838,18.516886826983978,-4.572447949544715
2001-02-27,40.91569994203289,-8.367981970095999,18.327767361960223,-4.894800092955625
2001-02-28,40.63045958950235,-8.859635310977966,19.198886854940874,-6.532798982792303
2001-03-01,42.14624862200322,-9.178000487522848,20.26499195675888,-7.267088287123889
2001-03-02,41.5041674666104,-10.163149133105538,21.0290335192659,-7.60325964706692
2001-03-03,41.77398771540202,-11.18587572533387,21.192337193551097,-7.4697560637271865
2001-03-04,41.67362693626059,-11.496233698676113,21.796198413214803,-7.15581269023102
2001-03-05,41.6441120560188,-11.969323035233506,22.728858874379245,-7.151860572469991
2001-03-06,41.059293462500854,-10.903275823086712,22.8568403882124,-6.190249793099524
2001-03-07,40.18096952547319,-11.122004620446301,22.593622871982774,-6.00253809874107
2001-03-08,39.37968232119127,-12.517544136896309,22.229444907648144,-5.808164627562833
2001-03-09,40.69918687446284,-12.562355913776237,21.634662932332116,-4.608485113738803
2001-03-10,41.43182930997958,-12.731024146237669,20.076050662706226,-4.267976204029123
2001-03-11,42.2933180962608,-11.248288098684865,19.862331158788088,-3.769237086351808
2001-03-12,43.143872399850984,-13.048983034617418,19.427702583548573,-3.124354219630063
2001-03-13,42.819224876999705,-12.819714012285148,19.076206204487352,-2.3342808552301757
2001-03-14,41.76341011218245,-12.362031909645506,19.864186906114046,-3.8070462634308653
2001-03-15,43.780409502759824,-12.654677680905591,20.558066776755922,-5.193846052573955
2001-03-16,44.652365361214706,-13.657807010542296,21.39164151062771,-5.706485992883382
2001-03-17,44.26478555842722,-11.164938205295718,20.49639008924212,-6.208303500786091
2001-03-18,43.94459749291705,-10.184651808441505,20.669796032177853,-5.246759604632378
2001-03-19,44.70124529419476,-10.896433430995014,21.295339323637716,-5.0318855048367
2001-03-20,44.503848607655534,-12.382984528021543,18.706580269950166,-5.867209395687073
2001-03-21,44.778631157474216,-12.576662188495684,18.701531789885475,-5.487423914983485
2001-03-22,44.98622224919914,-13.72698035599063,18.60748013614717,-6.003617678529421
2001-03-23,45.08171306601566,-10.899088500951025,17.96204993241017,-4.389539184370808
2001-03-24,46.09684978170272,-11.471555246667984,18.58670725612915,-5.1790113419218375
2001-03-25,44.667422189205496,-11.559024482095852,18.161152542125436,-4.124557257641349
2001-03-26,43.3896159662345,-13.050580235144313,16.75108853145663,-5.421786883449245
2001-03-27,44.152406526976954,-11.64643959494687,17.33757264680851,-6.318166395123178
2001-03-28,42.82809305840156,-11.726787686281469,16.908020070012167,-7.549062577379721
2001-03-29,41.77090412672963,-10.851397896914074,16.683422967763683,-9.657865528822605
2001-03-30,41.30272157787932,-11.408321043691894,15.640146424025817,-9.074101488853062
2001-03-31,41.65789382080935,-11.39545982185934,16.09546399643734,-9.227040311220057
2001-04-01,40.83391091442078,-10.926460258577942,15.015125078495961,-8.975328257989625
2001-04-02,42.959397908277985,-11.497221052537242,14.387974131598924,-9.368613811596385
2001-04-03,42.42939579770193,-12.472918894042422,14.212241741638412,-7.934433465584662
2001-04-04,42.796047991828566,-13.685725596144033,14.036252683939319,-6.956325431674472
2001-04-05,42.78569036777283,-12.821342587423876,13.700465803808076,-8.05888041112972
2001-04-06,40.74362448584806,-13.873964294488703,14.867634413165803,-8.378499914466365
2001-04-07,40.65097722611332,-14.490271328950746,14.897589944132502,-9.500487797725517
2001-04-08,41.01887668281973,-16.179179278987093,16.054737598619898,-9.069145409431052
2001-04-09,39.65952552876437,-15.965831378267607,15.072517089573987,-10.578404775123321
2001-04-10,40.071188955021654,-16.56206943410479,15.014283326550883,-11.10189671116965
2001-04-11,40.44772229144541,-16.65012290280173,13.93443570570137,-12.249504594595347
2001-04-12,43.120812858982504,-18.292998040079446,12.262439384759077,-12.561764067204615
2001-04-13,43.58454307768194,-18.55198497417852,12.457712388014052,-12.79444462263365
2001-04-14,44.5659518690217,-16.490160314473588,12.785601405698909,-12.508457708238339
2001-04-15,44.15265595266905,-14.776688207218204,11.473167357372187,-11.750011461063433
2001-04-16,43.909414366852474,-12.834555945611097,12.240744461993758,-11.386464336420913
2001-04-17,44.043739203994036,-14.653840222458474,11.48326652919251,-10.152138644006802
2001-04-18,44.64766685983229,-14.358919684369233,11.869293887573379,-12.948174809409025
2001-04-19,45.00271419191665,-15.771395582864674,11.428655777640861,-10.924554876983041
2001-04-20,45.37360535313352,-16.189969778757096,11.88900740127368,-10.694373625626845
2001-04-21,46.443618259103715,-16.598511129231934,12.330983738904736,-11.575977293493525
2001-04-22,47.26547992265787,-15.813321699754297,12.556386548827534,-10.128965127763864
2001-04-23,48.09729146600316,-16.820172535629265,12.282503678686197,-11.202950096627184
2001-04-24,47.54515910022846,-17.003684753732827,12.903503318479208,-10.978974930726563
2001-04-25,48.18232154462756,-16.28986185738747,14.325552710400977,-9.924442543514314
2001-04-26,47.783202922037155,-17.735082954293837,13.777814810767184,-10.876832143167285
2001-04-27,47.15033815015248,-16.47606123572026,14.170175794812517,-11.32665311450996
2001-04-28,46.106634525237524,-14.488648509304651,16.378109878078313,-11.299364282361077
2001-04-29,46.81892073311297,-16.367506183994667,16.74978798124684,-11.424821182435505
2001-04-30,45.98258093770107,-16.591696291203256,18.342277685627064,-11.0022069488968
2001-05-01,46.21541014261007,-15.847529629484995,20.960959394746936,-10.05347938015203
2001-05-02,48.496071265783115,-14.984532795296083,20.03368114254058,-10.741603422642951
2001-05-03,48.45221023657888,-14.56993308169815,19.30490854060879,-9.238068169082307
2001-05-04,46.94598542192463,-14.552208083225544,20.011072314819952,-9.031572102198142
2001-05-05,46.34295407366742,-14.337222119372763,20.549102391196538,-8.518011032291655
2001-05-06,47.12463408390807,-13.937379667909333,20.176550877655824,-8.036703881491299
2001-05-07,47.3986080798148,-11.595629671942135,20.92429899195672,-7.966806455583588
2001-05-08,49.80260049806615,-11.160196982738817,20.93182996729382,-8.081910517397972
2001-05-09,50.14162023451715,-10.89271750825489,20.34950946478728,-6.205094248299409
2001-05-10,48.24424845816617,-10.363115065649687,21.23993510635108,-6.6822352157578475
2001-05-11,45.91249313762466,-10.208382798625845,21.874039487945304,-7.324898640756258
2001-05-12,46.65468513889545,-10.311256624075272,18.90911027388689,-8.901728725970127
2001-05-13,47.216961643544785,-9.438219161348162,19.539098022567476,-9.276126802258412
2001-05-14,47.910427860796915,-11.172504991882473,21.344914635234783,-9.810009378176176
2001-05-15,47.875144405316725,-10.268732365872753,20.617147550746342,-9.91294709647514
2001-05-16,47.41979876034288,-11.051680366562064,18.816320646227396,-11.283954589767404
2001-05-17,46.86472454204687,-11.664043741600217,18.626376226892305,-11.542251815608713
2001-05-18,46.174411300999445,-12.679431828473408,19.65365058939763,-12.204130616913293
2001-05-19,44.97141704310188,-12.933248822640076,19.99392073869257,-10.75297000710045
2001-05-20,44.587902273503715,-12.274158306829415,19.598786672532352,-12.07395791228297
2001-05-21,44.55786892162673,-12.847756894547125,15.582803581923812,-13.963199169694299
2001-05-22,45.16761033919986,-13.1402444145339,16.126758971059886,-13.584253208820032
2001-05-23,44.622384362596414,-14.200412555195177,17.106675921524015,-14.900619962596014
2001-05-24,44.199166255881444,-14.255052933699277,17.80160646935764,-16.07229601772595
2001-05-25,44.75119745748999,-14.733609913386767,19.19277976659479,-15.477023259720914
2001-05-26,43.43407456171758,-16.013741219373927,20.029761199119612,-14.703390398906262
2001-05-27,42.40821987658968,-16.531658512211322,20.452801863262778,-16.974772367023487
2001-05-28,42.302893852432284,-16.86729305424966,20.64801910310553,-18.44955396460573
2001-05-29,41.387595694866114,-19.39786346862743,20.822615530693398,-18.291368683214362
2001-05-30,41.45724766827001,-18.73731847630611,21.946790127116717,-17.839827790108636
2001-05-31,41.589060348305175,-17.366020714111887,23.6150825201706,-17.794014017391266
2001-06-01,41.27165644069191,-16.938278222420937,23.765792199451948,-16.904969615410156
2001-06-02,41.43619380187046,-16.1648773219243,25.293504636810173,-16.088949929989763
2001-06-03,40.558363209092185,-15.50680810016619,25.056687389904504,-16.758491821287627
2001-06-04,39.96248054988512,-16.155423243492997,25.81562775441615,-16.26400191852273
2001-06-05,41.601918292415704,-16.038852846354022,25.252981469057485,-16.453398551602728
2001-06-06,41.02734481350616,-15.504746569313143,25.92421388907478,-16.635959623027738
2001-06-07,41.91240215830157,-15.552926734792306,24.834453496494493,-18.21607859244353
2001-06-08,41.59454115227194,-16.28189926275314,25.461939120858833,-17.436407822652072
2001-06-09,43.4089060696416,-15.893610891368045,25.087105499582414,-19.241160151813606
2001-06-10,44.106663317872204,-16.080756741049353,26.168801396373716,-18.876335236360163
2001-06-11,45.56275696835979,-15.346140062100982,27.23498990087971,-17.3959651608407
2001-06-12,45.32120588108881,-16.087447084908998,25.954024091485188,-17.04196662328101
2001-06-13,46.072345975916306,-15.591926404838876,26.088266847888523,-16.54682595821235
2001-06-14,45.58597719734724,-15.465485900751224,25.68352464837753,-16.556817186855252
2001-06-15,46.021676905515115,-16.488900132466576,27.141242088503567,-16.30245724854748
2001-06-16,46.3787071233203,-15.25068343779355,26.205271770956212,-15.68028769235327
2001-06-17,43.60557577650992,-15.824799435571018,28.440706677269116,-14.799032352657415
2001-06-18,43.31840721425505,-16.581575968613905,28.33938926831298,-13.491189969708968
2001-06-19,43.425689815503326,-17.192723181541087,28.80877951465692,-13.558586332044053
2001-06-20,43.82560950773371,-17.231904272131235,28.949317445826622,-13.884653094697718
2001-06-21,43.76517989805775,-17.34453912823759,29.989893284001013,-13.934239236224602
2001-06-22,42.07914113866169,-20.17040133940725,29.618754900087747,-15.400918501338898
2001-06-23,42.34188549307083,-23.149698854356615,28.90495618248088,-12.57180904905027
2001-06-24,40.9790846988375,-22.40576603101365,27.57320652687873,-13.693311893685655
2001-06-25,40.190352129910806,-20.947328691795594,27.04305934840195,-13.779576159102117
2001-06-26,37.97427542564898,-21.869871051939406,27.339613580568283,-13.272349207956772
2001-06-27,37.75981009939255,-22.14264839287343,27.47402126218056,-12.624245332181026
2001-06-28,39.32524223089649,-21.206523848652555,28.11176047163347,-12.064342821533137
2001-06-29,40.26792527017863,-22.667760043910892,28.37116710489699,-11.757332016829098
2001-06-30,37.89896180165832,-24.45746072825119,27.80842591723685,-12.85153610916124
2001-07-01,37.554442777559935,-24.328948519633236,28.228261901037836,-12.4816030931724
2001-07-02,36.96732641648648,-24.090009336020685,28.781689191455218,-14.670257639463586
2001-07-03,37.596415605563365,-25.125024158840628,28.622134767475437,-13.644823549209246
2001-07-04,37.02673874492557,-26.135934560763808,27.629166715241176,-12.433129408058534
2001-07-05,36.152924353752404,-27.224238123497052,29.567867606117332,-12.948485418487964
2001-07-06,36.96700107779597,-26.947740397767703,29.69355268878364,-11.800371217297903
2001-07-07,35.86032224665668,-25.87784056850596,30.251070251849455,-12.039373431931278
2001-07-08,37.02364824668865,-25.35442941223683,31.085398903700465,-11.03370080792425
2001-07-09,36.3112702477068,-24.757250089161353,32.6417909616273,-8.95276386289254
2001-07-10,36.41475544699099,-25.52119816138729,33.799852964757804,-9.59145135869957
2001-07-11,35.68629986889524,-26.56153616351998,33.04824409846192,-8.235997827389467
2001-07-12,36.49212516780394,-27.27131213367988,33.45598402710716,-8.485347511249076
2001-07-13,35.5951414797524,-26.61970021643857,31.96104229257146,-6.111016728782188
2001-07-14,33.88272919763034,-26.290372734672886,32.98638671386577,-5.421240248666463
2001-07-15,33.41597452549938,-24.428116634279245,33.59448529075579,-6.6772692591497815
2001-07-16,32.96588450333481,-23.54724269378787,36.63932527272522,-4.261154629322704
2001-07-17,33.851309196710545,-24.794921754691746,37.25536742458871,-4.316309326779626
2001-07-18,33.94606198966259,-23.133904399429028,36.26095475085717,-5.999111263299397
2001-07-19,35.03323373859156,-23.098364467832877,37.14836373286968,-5.109644684672132
2001-07-20,33.60536339714926,-22.583743339697765,38.7250898146322,-7.190114941078319
2001-07-21,32.676682128486846,-21.28553970450684,38.68898467184203,-9.404463948536488
2001-07-22,32.01509947419105,-22.343611877733284,38.17692695308665,-11.90817734665827
2001-07-23,31.482842295258088,-22.717793806566775,36.99681579305323,-12.476363350006872
2001-07-24,31.452936894954963,-23.215081007215122,37.37699139451979,-13.14978796751506
2001-07-25,30.395657125873406,-24.404018408413197,35.767057082354754,-13.620071620466627
2001-07-26,29.226629313954078,-23.816434309428626,36.408518778255825,-12.993610613686995
2001-07-27,30.32166080252285,-23.306497891821998,35.91232291656726,-14.327698453781583
2001-07-28,30.68562951633874,-23.71959368243839,35.624659163412254,-13.837485835139649
2001-07-29,31.014272431483665,-23.074728598334517,36.82011140328101,-12.952824675109511
2001-07-30,31.47650469345358,-23.043167381989516,36.9905610390887,-12.348866210588902
2001-07-31,33.29914571426139,-22.487517048084996,37.47509865953986,-12.825805091561588
2001-08-01,35.37523474370317,-21.34823415754221,38.10279686192676,-12.193141619313408
2001-08-02,35.832864468422564,-22.33309592286726,38.47430370373708,-12.153706708636124
2001-08-03,34.69070617849188,-20.9633189146055,39.09707128255817,-12.802230892727906
2001-08-04,33.20865576122759,-20.408156894484577,38.96770749146729,-13.40560905677202
2001-08-05,32.94352698031799,-20.76783622180572,38.901096661937515,-14.114862558288404
2001-08-06,34.03342701379579,-20.852226900204684,38.82869393252638,-13.592561107158616
2001-08-07,33.745363770966755,-19.948400021505183,39.42020726005392,-13.326858530085142
2001-08-08,32.772683800906094,-19.316154108370302,38.867286095274125,-13.47299535240469
2001-08-09,33.0858894327083,-20.700905083534263,38.65471561409249,-12.367085592478734
2001-08-10,34.66976941185921,-21.32595524379747,39.20496185367562,-9.738219352441854
2001-08-11,35.57206631970809,-21.938981756969376,38.29963299359351,-9.957001492354223
2001-08-12,34.92374054972734,-22.745204390388242,38.478910581800434,-10.275900920578056
2001-08-13,32.78858790283502,-23.812020045427417,38.071241096808855,-10.862092843090556
2001-08-14,32.96523857451957,-26.372821992921708,38.077851735634866,-9.061561918617613
2001-08-15,34.32276494443254,-24.796833451992008,37.86352505256296,-9.410997599667436
2001-08-16,35.16233506160011,-23.38349614829033,37.23912117660611,-10.056874751808008
2001-08-17,34.1007233560767,-22.626166356772675,37.89861456587947,-11.263256372398153
2001-08-18,34.515280330881794,-22.799124487416183,38.62171775726997,-11.372037824021929
2001-08-19,33.967132489582355,-22.684594922625706,37.90528655425141,-12.447987043997163
2001-08-20,33.84688229899438,-22.96180010505402,36.5546627972021,-13.370253787650023
2001-08-21,33.62802094156618,-22.81457036163586,36.17997448250832,-12.332977585148392
2001-08-22,34.17970925596914,-23.49173213698756,36.66697743700189,-12.026657044779974
2001-08-23,36.6166840865466,-24.342264036788716,36.808729499351976,-12.202116028050877
2001-08-24,38.00359667428006,-24.587325582131655,35.74163097608192,-11.278342785335997
2001-08-25,37.66333714674545,-24.219824234708874,35.809483531067535,-10.805660987715976
2001-08-26,37.812145834483104,-23.74803326252853,34.80993272545845,-12.252532059962695
2001-08-27,38.08359749620156,-23.883657723884212,34.86850824967366,-10.558062851400017
2001-08-28,38.34402666435394,-23.78594091190422,34.99956880442123,-11.01005834252522
2001-08-29,38.923942216321834,-23.411625097950086,35.951398404042074,-12.493043450403835
2001-08-30,37.96173007717045,-22.769576046856308,36.63625491865241,-11.35238214487913
2001-08-31,39.17417978483738,-23.589198959162953,36.11509877710452,-11.889038351184304
2001-09-01,38.85817003441066,-24.019162257737758,37.02330210968625,-14.216862370313127
2001-09-02,39.97978325683423,-23.027044914490844,36.31146468403477,-14.340733180145168
2001-09-03,39.053595721487646,-23.869447336204065,36.112048236979234,-12.741954025714175
2001-09-04,40.348262137654785,-25.479482045316395,37.49585512368478,-13.589132032760139
2001-09-05,39.52355930643629,-24.7222467682553,37.439580207354894,-14.66677119841622
2001-09-06,40.32391020894252,-24.038788086550834,35.80643874626639,-16.970810253252665
2001-09-07,38.6284632074026,-25.45550775071519,36.65061673156384,-18.51225524945991
2001-09-08,37.76031158228273,-26.479449500057044,35.228898115739526,-17.412934518116206
2001-09-09,37.587627868307315,-24.834471436028192,34.50325079868681,-16.72340574512385
2001-09-10,37.93661384938825,-26.756434061231985,34.547385996293805,-16.76661660204696
2001-09-11,36.93019866685377,-25.776039478790388,35.36161134536183,-17.020319445203974
2001-09-12,37.72095787346379,-24.829492584389673,36.21371030133393,-16.00262848713612
2001-09-13,39.412262062929265,-24.606709351010323,33.65329302389354,-17.397070425924284
2001-09-14,38.41568016928902,-24.92834277486164,34.52975685153487,-17.378793044375552
2001-09-15,39.13669288154773,-24.125759992031426,34.558074866081625,-16.433327641244624
2001-09-16,39.70746082638692,-23.49585044093313,35.05542817783166,-17.999705942253485
2001-09-17,41.64604218321963,-24.742907533188202,35.37862655733936,-17.386243093320203
2001-09-18,41.72677503950681,-24.790112865012706,35.14636409729249,-16.432814630104282
2001-09-19,42.32257729974763,-25.65258391354702,33.73519503620882,-16.081097204600326
2001-09-20,41.96657064005529,-26.049775128499565,34.09095985132361,-15.964269127804055
2001-09-21,45.50850073331861,-25.32769037307658,34.0628584264535,-15.616139805481525
2001-09-22,46.08936731422355,-26.53351578141103,33.25619352210553,-14.32871736221991
2001-09-23,45.360175929569856,-25.721060203514053,32.78436483173493,-13.84560737900702
2001-09-24,45.7698371630659,-24.910629434336936,32.81106290382838,-15.771399035772381
2001-09-25,47.779899670498835,-24.924279505576937,33.543622054211006,-15.812373166873776
2001-09-26,48.10473021254988,-24.7227052545172,33.65115291001426,-16.615909815263137
2001-09-27,47.481845348919066,-24.66067776337943,33.19615932105723,-16.659096333272625
2001-09-28,47.30552566055831,-24.797734488076568,32.43713263697161,-15.443834909424847
2001-09-29,44.29747739320251,-24.329315829681157,33.53565823779499,-14.611503035992667
2001-09-30,44.67634555396634,-23.93989153704066,31.293925361948535,-15.154122615779475
2001-10-01,44.10063535138277,-22.808870393195818,30.547192758298095,-15.114376867592721
2001-10-02,45.911861817773016,-23.779735704878934,31.17639805082759,-14.03605522482884
2001-10-03,43.58551355716731,-25.1373886081763,32.29005509930341,-12.68649910084863
2001-10-04,43.254818770179924,-26.243156971068306,33.44956236848258,-13.295547279159285
2001-10-05,45.46761877360084,-25.484822603565735,33.830680174611544,-13.505544774297656
2001-10-06,44.51468092943623,-27.84873444885934,33.3915020743317,-14.0065684567624
2001-10-07,45.11764996291069,-26.943073246964666,34.67218454762742,-13.784602131387725
2001-10-08,43.87655860717316,-25.727941333475968,35.96873019648058,-15.414647664591623
2001-10-09,43.954872244013806,-25.91824622581124,37.55760052426764,-15.10938570441263
2001-10-10,43.41663077461752,-23.931505202727095,39.195221599734644,-14.913375534030488
2001-10-11,42.90732422202656,-23.338013048396135,39.4518867827459,-13.285332324597242
2001-10-12,44.01471237964847,-22.61611769070027,40.946204694008046,-14.940843005967247
2001-10-13,44.37384468257786,-24.757769080105998,42.03738313816395,-15.1171443752013
2001-10-14,43.827875213649406,-25.245559768982407,42.34921798705119,-14.226803485196719
2001-10-15,44.38791024401937,-25.073053864076936,44.597340157783144,-13.122262307556364
2001-10-16,45.20789730026968,-23.09441157307021,44.53237932479145,-12.720997377810503
2001-10-17,45.22264315897717,-21.529333394174927,43.12738512549369,-11.192933029957365
2001-10-18,43.46071302800354,-21.04010157473569,42.68528536659573,-11.54975511538128
2001-10-19,41.797242865941236,-17.804392408584192,41.58226440765553,-12.647582915221628
2001-10-20,41.69386054373593,-18.125622693161205,42.079430630704174,-12.983844265652248
2001-10-21,40.68164491334574,-17.247520568085413,42.4674735406236,-14.76569407917538
2001-10-22,41.80632722183771,-17.330532316667192,40.91249840572736,-14.056464304809227
2001-10-23,41.400251785919636,-17.184042735270115,40.45904848642876,-13.362274623719525
2001-10-24,41.28310347508594,-17.493492960713624,39.85010142695293,-11.436636933009545
2001-10-25,41.11164509092855,-16.274855983706676,39.67942788111606,-11.888245199780354
2001-10-26,42.61057610973392,-16.876184422007295,42.83130854664054,-10.702192940519572
2001-10-27,43.98728119329322,-16.187028463642672,43.42506218124144,-10.759934234571466
2001-10-28,42.38944766390104,-15.482749683367853,43.583393339540855,-10.32760437740196
2001-10-29,41.96754796716044,-15.319928881616502,42.96074478251418,-11.431588506914341
2001-10-30,41.34379595675965,-15.695294691237804,44.210617673577396,-12.532687805388397
2001-10-31,41.737080932456124,-16.557598799036754,44.15726321280082,-12.475704870481259
2001-11-01,41.272811683957485,-14.528647953159885,44.5045345751886,-11.012709528366504
2001-11-02,42.871590322459326,-15.65589612371703,45.366121424838504,-11.483799247050264
2001-11-03,44.84071192369529,-15.272451601169802,45.81394605327452,-10.834903534697883
2001-11-04,45.68379443991924,-14.806354323770034,47.0468148521647,-10.951947127690794
2001-11-05,47.40766199133787,-15.197338661864379,48.19457711164105,-9.240675614773354
2001-11-06,45.94257796845994,-15.614130729813422,47.3028483972855,-8.497421958611652
2001-11-07,46.94484594603154,-14.214977562041032,49.292127017830595,-8.75302551371059
2001-11-08,45.36682656470655,-13.813842083119475,49.21324514810313,-8.361733594954769
2001-11-09,45.556898199339756,-14.681022234333263,47.31902287786665,-8.011488825298114
2001-11-10,45.586698024396384,-14.235900831150996,47.991399458103814,-7.973951900214352
2001-11-11,44.37703264509774,-14.886686621219742,47.686734717118135,-10.153692031597904
2001-11-12,44.741699264578244,-14.694765079562046,46.552689577618594,-8.910419625881216
2001-11-13,46.615139959830486,-15.730919871728467,45.228381631811715,-8.374314075181042
2001-11-14,46.69315269891565,-12.73909256522403,46.8254269166487,-9.175910273246384
2001-11-15,47.37064523939738,-13.555585368840246,46.48928989331214,-8.819160660472969
2001-11-16,46.38190269341198,-14.561904116973048,45.3011951528255,-8.799637767581574
2001-11-17,45.660955981019804,-13.810868393779145,45.78984616464335,-8.756136108390901
2001-11-18,45.57365179968756,-13.004731378638539,45.477525313253715,-8.41766394321025
2001-11-19,45.64980757505083,-13.2631741635535,46.25875437212235,-8.278165070987722
2001-11-20,44.16491934921382,-11.642701813991632,48.49987901942081,-7.94073226528316
2001-11-21,43.73574718676909,-10.7775711173551,47.50653796059293,-8.174470540028029
2001-11-22,44.226332275215604,-10.836099805491717,47.75796640641254,-8.827471345275107
2001-11-23,43.185963521964176,-11.12663236090896,48.227901339329435,-10.460960797758393
2001-11-24,41.896976383299396,-10.459635408781065,48.4527370591177,-10.470107474120285
2001-11-25,41.91321999010083,-10.887815683862675,48.73468575688665,-10.891811439827102
2001-11-26,41.896178375506274,-10.831947668665341,49.72333908733698,-10.635994615177772
2001-11-27,41.76093309189492,-11.452415199717917,48.7763351815692,-10.22638259449973
2001-11-28,41.835836362139055,-10.084359682696595,47.49094343862663,-9.833592969742563
2001-11-29,41.518186519279176,-8.134802468499075,47.74584284706295,-11.001575191737123
2001-11-30,40.768160321080835,-7.730994141683085,48.77495280336898,-11.79384854025094
2001-12-01,42.692390211513704,-8.395693670429761,49.976171402026,-12.86717532297725
2001-12-02,42.71798601842729,-7.030543590688553,50.11102903315952,-11.953403535298644
2001-12-03,42.23312577745614,-5.659599191843249,50.683635520403406,-10.788613785601969
2001-12-04,40.91169578546911,-5.8837639189853,52.10529944703257,-11.478768548667269
2001-12-05,40.89902866304525,-4.58615651707937,50.784199595260205,-12.605863595372377
2001-12-06,41.63428243274367,-5.463036823588908,50.60107172137504,-13.800024027858653
2001-12-07,42.254227291421955,-4.885816185745914,51.00147731285522,-12.681545924011383
2001-12-08,44.27419194764153,-6.931381177997412,50.24276626097165,-15.191739417036242
2001-12-09,44.24394794125856,-7.531353580979464,50.68567950930518,-14.904011106905944
2001-12-10,44.866817094165,-8.840247742898198,50.173304375185985,-13.701381668662561
2001-12-11,44.54888052037341,-8.465585796608751,50.95553558945209,-14.17069819288022
2001-12-12,45.06396802274068,-8.98427588689222,51.5062610687291,-14.60357329419811
2001-12-13,45.07076751601001,-6.961120751714041,52.445773517364714,-14.257940715067553
2001-12-14,46.14685272874666,-4.660547345084272,52.42061679499116,-14.352460442942967
2001-12-15,46.91224382345159,-6.467565202910908,53.53804193803076,-15.21545179392565
2001-12-16,48.2287658250027,-7.761314407517633,52.33040573984074,-15.324845357114745
2001-12-17,49.022161473987545,-7.767250062359731,52.31794089803082,-15.513625012516405
2001-12-18,48.16331774100928,-7.70718797100063,51.914975291214816,-16.972378345909874
2001-12-19,47.51249081760297,-8.936714295679348,51.741449766085914,-18.43586772440615
2001-12-20,47.8007159870033,-7.9471786074994,50.82153330622617,-18.512433949127757
2001-12-21,48.099459869835854,-10.651235314552448,49.575071479800236,-20.304534356498504
2001-12-22,49.18846947604915,-11.89964993787251,50.71607322166447,-21.12376063889703
2001-12-23,48.330371854465355,-13.968694582115395,50.67997264148199,-21.240886062818205
2001-12-24,47.371044629853465,-15.02109057674831,49.289567986177154,-22.295851058670223
2001-12-25,44.63452978623989,-16.268090397336106,47.95411038525755,-21.980984507028708
2001-12-26,45.90956566016774,-16.59390730892499,47.56463430545147,-21.374180263055422
2001-12-27,44.83569103488583,-16.225238353744253,47.59846080060294,-22.91680707138761
2001-12-28,44.994102690863805,-16.379890913367394,47.12574152009575,-23.81364873399948
2001-12-29,44.42802521711641,-17.96095336979969,46.96672800931745,-22.97473728138211
2001-12-30,43.0326012218916,-18.553465400523947,47.53917598692199,-23.526049019616813
2001-12-31,42.29409353810488,-17.785522041640107,46.64711684121155,-23.455800389959066
2002-01-01,42.711379067447446,-18.46629668097825,47.0371358020724,-23.157514208166436
2002-01-02,42.127266672054766,-17.39538811273438,48.02028563901446,-24.27874891224753
2002-01-03,42.58063604829631,-18.22593845382695,50.47720430374386,-21.50840602723303
2002-01-04,41.79242548910627,-18.91716518524364,49.01148535911004,-19.660288050205413
2002-01-05,40.47355046783734,-18.208086696872197,49.24783022298457,-19.990527255885947
2002-01-06,39.37322915795809,-18.48593601945958,50.35818536463012,-20.03069116402997
2002-01-07,38.83306422523033,-16.86236669344176,49.706239670139055,-20.365242326063946
2002-01-08,38.37968229275371,-17.385252013632563,50.44158646424275,-19.945639328028392
2002-01-09,39.31106673169133,-16.845588952698183,50.326307756831476,-18.00020414998509
2002-01-10,41.34077394694406,-16.636661839623926,47.6167056373833,-19.91719989657447
2002-01-11,42.511494646134686,-15.532352674849808,47.42522334062562,-21.305501253823543
2002-01-12,42.45947750672928,-14.877645573875716,48.13974270077638,-21.358518986780325
2002-01-13,42.60901134547951,-15.130082883332758,47.73901972857676,-21.010689480896247
2002-01-14,42.61092510876245,-15.602282456395915,47.94014416040628,-21.356407229874304
2002-01-15,42.58630179538772,-17.562916189810114,47.97135905319486,-21.589062429907013
2002-01-16,41.549664447966684,-18.596830382916657,48.732264982085695,-20.843101577635903
2002-01-17,40.710380146773275,-19.83488194030765,47.483791387283816,-20.478672189950196
2002-01-18,42.628412951009366,-20.175990419832186,48.266821054292535,-20.312605084121525
2002-01-19,44.21146543209961,-18.568256606533488,48.0290156766309,-20.42014251790208
2002-01-20,44.16132835798142,-18.066813483934535,47.4315784510518,-20.769823726558734
2002-01-21,45.44627987700221,-18.268085420613296,47.31867416433365,-21.741258687976682
2002-01-22,45.445908236633215,-17.335095428494007,48.880459824636525,-22.612341167319034
2002-01-23,45.778139317459896,-18.203022120837957,49.69201479903783,-23.416833553690857
2002-01-24,47.5620220526669,-18.512921081832154,50.909253836514786,-23.719318257374386
2002-01-25,47.940540730337425,-18.065363269113835,49.86862891520887,-24.467847899561026
2002-01-26,48.13962686269995,-16.98690422454224,49.610618087881896,-23.7508098396453
2002-01-27,46.844847247296414,-17.20017887319451,49.96480406202325,-24.973839787111864
2002-01-28,47.27089946851915,-15.503230649616018,49.90411050837172,-25.86912285322734
2002-01-29,47.95050829897248,-14.473327006590246,52.018376713983606,-24.80400169757287
2002-01-30,47.49301034992944,-13.102162119915702,52.83071248748596,-25.65852764296473
2002-01-31,46.82630324918166,-11.341033088960865,53.72018174700214,-23.573952316468056
2002-02-01,44.34050641593533,-10.547993152917392,55.01520746279825,-23.202041455078906
2002-02-02,44.54530656399935,-9.129760824561195,55.87158725953306,-23.184429191744478
2002-02-03,44.590598961540614,-10.900549151974682,55.48976790815067,-21.834486766315404
2002-02-04,44.473385395345076,-12.04349275660962,56.93777187811019,-20.614868107868084
2002-02-05,44.10011947519132,-11.733089724551014,56.89264258097243,-21.43859580802888
2002-02-06,44.60618620369247,-10.516879368077191,58.10225189403138,-23.334766309551775
2002-02-07,43.93576100005423,-11.684889584134403,57.5153673589834,-21.748783960113506
2002-02-08,44.2416388011203,-12.605269725772317,57.537062493405905,-24.104208391951296
2002-02-09,43.013462150553984,-10.953360748526997,57.077658542481686,-24.439450922877633
2002-02-10,41.92368304868931,-9.45264442031689,59.38528177294582,-24.124552401594553
2002-02-11,44.045948794370496,-9.21919951530179,58.213168225382134,-23.379036799749485
2002-02-12,45.44638088123489,-8.293128595202118,59.15935126171929,-21.52368923569018
2002-02-13,45.02323637959205,-9.73435244132737,59.48810074333034,-21.01682429533664
2002-02-14,44.154821117452954,-10.464516714142508,58.340465405174676,-21.202825041699597
2002-02-15,44.94674475680653,-12.308091269512676,58.782701847758005,-21.12985266595608
2002-02-16,45.377412093662464,-13.761484755057474,58.928151692740705,-21.536610747291792
2002-02-17,44.80494413646289,-12.659880150442438,59.34099876934289,-20.527622278466115
2002-02-18,43.069323621326866,-14.56567859619053,59.15276270982297,-19.653710212221945
2002-02-19,41.6383768589194,-15.300823880528604,59.03811067957648,-19.866635590374756
2002-02-20,41.34470155021107,-16.93819429086055,58.55512822826994,-19.754504629468627
2002-02-21,40.92560534388518,-17.267441415027577,58.612808033721265,-19.889034639102377
2002-02-22,41.34600093573114,-17.480640036965998,59.00435799117857,-21.90245798517204
2002-02-23,39.004573667743244,-17.249419440780834,58.91817740406344,-21.512653357793152
2002-02-24,38.66105757304658,-17.064200939836404,59.908529493873246,-21.029396161048115
2002-02-25,39.40257392046659,-17.497225985793587,60.87309829306278,-22.92623850512551
2002-02-26,39.2530473264227,-18.996162237197773,60.64392552968953,-22.11285674260269
2002-02-27,37.769060088846665,-18.838374629781026,60.778147255529596,-22.26149536395086
2002-02-28,39.177505743845,-19.149614305874387,60.56834605694594,-23.773443126260727
2002-03-01,39.52148572215306,-19.857663576329625,62.48113580044702,-24.270098445096615
2002-03-02,39.31443384678734,-18.868744264195005,63.80536256532274,-24.77068368316537
2002-03-03,38.592795567663444,-18.39820667630824,63.87624291553346,-25.825750067379396
2002-03-04,37.90972455320926,-19.038000655662774,63.86507701489235,-26.90847344992211
2002-03-05,38.081639404953755,-19.64801135206848,62.81059459605614,-24.98860463865006
2002-03-06,37.344897724847335,-19.34558334666594,64.48555376518847,-22.85147867288039
2002-03-07,39.405554200922296,-18.941018805786964,65.22645607476885,-23.312835530624447
2002-03-08,38.43675589203661,-20.84877483247311,66.2781914065911,-23.13232111089329
2002-03-09,37.37708312712409,-21.122390658782336,65.9832959046547,-23.26428611205677
2002-03-10,35.91468783267757,-19.587999992788554,66.84326392816526,-24.747836658359507
2002-03-11,36.84607857088151,-19.427318519332225,67.30015909982136,-25.17863220243194
2002-03-12,37.000380597731755,-19.967824720048153,67.22116121250504,-25.993010569929414
2002-03-13,38.036602624907275,-20.88048769013527,68.1883582749786,-25.931851336356107
2002-03-14,38.73371452678212,-20.784705181927617,66.62774527002817,-24.760313534036328
2002-03-15,40.24941023415864,-19.854301681209126,67.07765571428631,-24.940290495158816
2002-03-16,39.01484026215111,-21.615510054249086,65.87024989525874,-23.663268996522905
2002-03-17,40.75228428149801,-20.524719330701085,66.8990280313074,-24.32770883250792
2002-03-18,41.62219599255987,-21.11299666770763,65.49255151196424,-23.909040967589316
2002-03-19,40.35968022058734,-20.962937716278166,65.35315299628795,-24.52256990713591
2002-03-20,39.943106815558345,-19.781701176437657,65.5129788776279,-22.8050575048854
2002-03-21,40.51206305977482,-19.390271906617937,65.52009666793965,-21.176477265670034
2002-03-22,40.93591292531076,-18.228430555546865,65.88068635614982,-20.4661503405996
2002-03-23,40.25046808876489,-17.941455422136002,64.67184579666382,-20.554904456984172
2002-03-24,40.53180893612296,-17.603516716339318,65.65592349715625,-21.39492882914234
2002-03-25,40.50206013474333,-17.5312848431261,66.86446569023201,-21.41886488596225
2002-03-26,39.094907686464644,-18.983650638515194,67.50409863685337,-20.024273268749024
2002-03-27,38.03632157039974,-18.963938613576886,65.30351193538826,-21.139733959853338
2002-03-28,37.36187067486515,-17.514209603095207,63.757723709423075,-20.321081692633047
2002-03-29,37.576974745889395,-18.17805167900052,63.62088208844618,-21.765606769471784
2002-03-30,36.57639108154182,-19.14866077945652,63.140691668357405,-21.959086839518676
2002-03-31,35.54214524865178,-19.55575968339697,63.4408970965695,-22.042471718573594
2002-04-01,33.72505095540661,-18.247908830492158,64.05590047319427,-21.4033283735438
2002-04-02,33.796389590735316,-18.30074161214327,64.76966020768192,-21.436079133446505
2002-04-03,33.39120711090476,-18.60603667070383,63.71960576456504,-20.798666691787147
2002-04-04,31.738956048881512,-20.280988672764742,63.507368263971046,-20.102305933115513
2002-04-05,31.381805263970495,-20.691044962720223,61.50471920343558,-19.878927978803038
2002-04-06,32.77123076199179,-20.24566304998013,60.03193589238571,-18.42784355496876
2002-04-07,34.63437921068997,-19.578507272271004,59.00622240372125,-16.771762504893896
2002-04-08,34.27604349246654,-20.572614885122736,58.05755443167657,-15.902658384089124
2002-04-09,34.17643424873434,-21.83017926284188,58.21912899286542,-15.917806730338102
2002-04-10,34.90199774827919,-21.14122213831037,59.2920927160206,-16.969027350709574
2002-04-11,34.94133360168738,-20.61965886148892,60.21491155838913,-15.671063802286024
2002-04-12,33.605482434820075,-19.36634553071083,59.62778895008009,-14.540152162355238
2002-04-13,33.79596216504345,-19.166609710829384,60.70296078571828,-14.04411827269951
2002-04-14,33.206559331577424,-18.133785343028887,60.90449551904513,-15.046091493726038
2002-04-15,33.92512105022196,-18.781984379243926,59.52343866853764,-13.824447474834779
2002-04-16,33.359268287971155,-17.625220856093996,59.05482376933081,-12.884870163543713
2002-04-17,33.462098927199634,-19.32534628288188,58.322749996279235,-11.652327576527712
2002-04-18,34.48912730835071,-18.84741708487428,57.97042527510929,-12.902145080153113
2002-04-19,36.25709850334639,-19.044252870974038,59.943229132647815,-13.563755001499274
2002-04-20,37.682057952971704,-16.407995127128704,61.75124685682321,-12.098792699981392
2002-04-21,37.51709963183584,-15.916554121819399,62.77403222707728,-13.652918221326086
2002-04-22,36.659102685612226,-15.875762932194238,64.61045920701727,-13.585954801435651
2002-04-23,37.494933071182615,-16.1932202618682,64.95731130592866,-13.731733130058739
2002-04-24,38.13726360018815,-16.42419732676739,64.44062675557166,-14.16758275210887
2002-04-25,37.26806162449614,-15.815491672886148,64.12160575596174,-15.311619465297841
2002-04-26,36.74251259330049,-14.667941814277405,64.79688846850387,-16.12340221961516
2002-04-27,38.39161524395144,-14.412772993479312,66.52269102101803,-16.066374899289766
2002-04-28,38.84922688772085,-15.757161768938143,67.50789723451383,-15.568837540024973
2002-04-29,38.22216847283121,-16.78720135941911,67.01945050168881,-14.403048254390011
2002-04-30,37.19540701634356,-16.185829861797004,68.24592537472209,-13.425369014815631
2002-05-01,36.37981778092709,-15.04830440267229,70.41192386530047,-13.156460178534488
2002-05-02,37.75288988767035,-14.412276415850464,69.27296093345508,-12.791334564496601
2002-05-03,39.403453855435366,-14.433977504493832,66.98685791835216,-12.394038276747873
2002-05-04,40.163539867333604,-15.159980102346765,66.75341687284687,-12.259055657987172
2002-05-05,42.057827835541595,-15.325507717122775,66.38025374385725,-11.4786641392225
2002-05-06,44.18680293111939,-15.71511327548983,67.72307585067756,-10.735684463791852
2002-05-07,44.55834960328649,-13.565932836045622,66.5626342568655,-11.32894679256508
2002-05-08,44.766020645756406,-12.21997582705475,66.35666596018574,-10.935546655579408
2002-05-09,45.147975165230335,-11.343480576422422,66.71083008067998,-9.081184607637006
2002-05-10,44.81024442515895,-11.891249228014715,67.06193417562851,-10.957093899542569
2002-05-11,45.17225260675132,-11.37900500550405,67.65112244350965,-9.91850687801578
2002-05-12,46.833454140222784,-12.349284737052344,68.27606539138087,-11.602996651606961
2002-05-13,46.613172896652074,-9.814786635159802,70.12956860329753,-11.225824104349744
2002-05-14,45.82752065455122,-8.639541278543591,69.58243952466113,-11.28105284061753
2002-05-15,44.718647892665004,-7.55043290426676,68.96597133963769,-10.355556454451467
2002-05-16,45.13519039997943,-6.9685787555235885,67.62071372843894,-10.382080234619067
2002-05-17,45.93253479215577,-6.731200957004387,67.5110459708812,-10.55751972311634
2002-05-18,46.38574653535372,-4.776006209698641,65.63128747344317,-9.993432231216804
2002-05-19,47.38057165699715,-4.46749506731473,66.86591788578836,-10.834596621900962
2002-05-20,48.55312664076162,-4.024506890071104,65.06356063160612,-10.106576685061953
2002-05-21,47.80782127035621,-2.838224344241425,65.22978903697617,-9.505286780478142
2002-05-22,47.92094616964277,-1.9991698522115497,65.73474944009548,-10.42505477501216
2002-05-23,48.10497044934312,-2.043595401869026,64.03415268599727,-9.669681078309376
2002-05-24,48.72773689393372,-2.5014802392684365,63.76392354076956,-9.658331403286054
2002-05-25,47.11322658492188,-3.689729599287764,64.18574186211288,-8.756872187634547
2002-05-26,46.11701106324193,-4.297022114613132,64.70395419884613,-10.025692062819902
2002-05-27,46.54010454330422,-3.3036559721198158,66.5578724606155,-9.16306458845824
2002-05-28,48.00239660440833,-5.336284310964494,65.06761999218891,-8.27524659520676
2002-05-29,48.1960864604118,-5.862190050603437,63.15740832696878,-7.781956203537231
2002-05-30,48.19920380460977,-5.55938247087564,63.60708536348762,-7.518540391929323
2002-05-31,48.534944338727946,-6.952634800455067,61.90941659375139,-7.5449593526896575
2002-06-01,47.37965076503117,-8.302075160260385,62.28902280547569,-6.679638460001675
2002-06-02,49.29255875897481,-9.470376488722142,61.99489341499145,-6.199974448105322
2002-06-03,49.964072750281964,-9.132309174728565,62.59380250622374,-6.445489582003479
2002-06-04,51.28994768828266,-9.435442959507931,61.75476767993593,-6.158267360668843
2002-06-05,50.58415576354041,-9.154935077389581,60.51364031910895,-7.763282353215377
2002-06-06,49.58105110147262,-8.02485260797657,61.938527566170805,-6.50737061138715
2002-06-07,47.045834115736696,-7.669823506890949,60.52058965210441,-5.969672583572769
2002-06-08,48.59243334748808,-8.198007960010527,58.7595644021198,-6.521168254417641
2002-06-09,48.42466289660679,-8.635179471148248,58.00245081755071,-4.77590702063583
2002-06-10,48.84867301127272,-10.112222109162214,57.19306201928466,-5.42185114251086
2002-06-11,50.23145485994957,-8.801077739413735,57.022198882783826,-4.257986128709099
2002-06-12,50.978657652229174,-8.66264600112761,56.74826354257058,-4.281334096179871
2002-06-13,51.78348618529609,-8.642292603525831,57.110729491947744,-4.874277712570395
2002-06-14,51.96273587264447,-9.483349496587959,55.5551723269788,-3.132537899764001
2002-06-15,53.422612788567356,-8.47628889056764,55.3838143788126,-3.252911549065382
2002-06-16,53.66547796099998,-9.14154462826016,56.232053259011124,-3.0650323383703895
2002-06-17,53.77224302078485,-8.709208230073976,56.2792168379595,-2.5965867737160617
2002-06-18,52.824986842763394,-8.347773589318619,57.00779923462591,-3.6552184519414417
2002-06-19,55.29338184784514,-10.919492768499016,56.54719872464814,-2.9131009902998914
2002-06-20,53.490409960333885,-10.834758249584262,56.71277295835957,-2.540741065787567
2002-06-21,55.42995952068632,-10.316392290204941,56.49760856792832,-1.723442607957376
2002-06-22,56.527214494586275,-9.681431286903063,55.89929799971352,-1.384698301112362
2002-06-23,56.46541491535487,-8.348930094983977,56.97264318155034,-2.58467019614817
2002-06-24,55.583836808584174,-10.101725753838705,57.37318297025071,-3.290367148052414
2002-06-25,54.09239620967327,-10.859478911395845,58.79797188914331,-2.4145860888342003
2002-06-26,52.85993149426345,-9.699894919834993,58.16302943314657,-1.961502730087485
2002-06-27,52.476029850161694,-9.65583129383768,57.454290977672294,-2.880244478505166
2002-06-28,51.328177847172014,-8.452072583007409,57.50562322960537,-2.9772360046181925
2002-06-29,50.51129347874786,-8.12491624335597,56.066541661481835,-3.410594642465486
2002-06-30,52.9921859932019,-9.154947947170278,55.85610179420181,-4.246363626879013
2002-07-01,52.358002318182564,-9.036825004605689,55.77839392451091,-2.863015567900072
2002-07-02,51.92419826365661,-8.49150849192601,56.88006590019111,-1.7664364731664264
2002-07-03,52.15871416941366,-9.476355072947362,57.71598395936629,-2.104941039805425
2002-07-04,51.685791747403464,-11.112764669049152,57.63680116023128,-0.9603925889479903
2002-07-05,52.154164613099766,-9.913940407787301,57.06518250260589,-1.980153577623515
2002-07-06,52.46281751494753,-9.1491409434962,56.3346668906758,-1.6337650511134783
2002-07-07,53.14189581709911,-9.782163519197113,55.68522148265133,-1.5971889563902106
2002-07-08,52.52286739040725,-9.54020196609862,55.7288442282401,-1.7488957762145116
2002-07-09,52.07954189786709,-8.206050809238793,56.86319362475985,-1.6253838814115462
2002-07-10,52.76618399788193,-11.222353855743629,55.301016980534584,-1.0420889044214592
2002-07-11,52.780468466727555,-12.68825023684452,54.159031584716864,-2.348067463248027
2002-07-12,53.063304254884194,-10.930678338519344,54.946633168404425,-4.034526494496573
2002-07-13,52.265134364991596,-12.244384313015876,57.0995331268028,-4.499269637534616
2002-07-14,52.3688956673179,-11.89227285595684,57.92262947884713,-5.178946985224558
2002-07-15,52.59473107437445,-12.536777171551721,57.27481441603536,-3.7494929570861224
2002-07-16,53.4928779560983,-11.127416049070867,57.68884096574632,-3.866157210012737
2002-07-17,53.99914598090419,-14.21115479191746,58.525210021549,-2.6331937033806834
2002-07-18,54.47891085332409,-14.267095520206022,57.7348568156979,-3.5523991071585796
2002-07-19,54.799124252069625,-13.398975290525701,59.80285135547407,-4.682768905070614
2002-07-20,53.75937888539461,-14.594438069930357,59.60760713941804,-5.687931616085223
2002-07-21,53.59546153400053,-13.411747503115036,60.01960523838487,-5.756159478381377
2002-07-22,54.73633406927518,-12.264494998899105,60.44460765972139,-4.59385921474446
2002-07-23,55.75950771801735,-13.407023463865425,61.41108564340012,-4.078730658792072
2002-07-24,55.19596680592225,-13.087789983762702,60.675962894726645,-3.361092020457475
2002-07-25,54.365590127128876,-12.921614311806433,60.080597701913,-3.088870196909597
2002-07-26,54.3327262244553,-12.711676672712885,60.76454686417551,-3.061059951748584
2002-07-27,55.09286997192925,-12.499942996802163,59.683580265913825,-2.1344569628730015
2002-07-28,54.50689898001655,-13.996715124043584,59.24939852260851,-0.1888372331735113
2002-07-29,53.59129618786883,-13.231380872844081,60.38613867780232,0.876527863678785
2002-07-30,53.4987208978765,-14.487834192517477,61.747323356671124,-0.01123578171515538
2002-07-31,52.631125606564986,-16.720854224044167,61.97479120215245,0.7082834202993741
2002-08-01,54.28058554405918,-17.059685672155393,61.0667769280913,0.7309121246509922
2002-08-02,55.083668841327324,-17.53193909248046,59.18165995896504,1.9329666788461357
2002-08-03,55.907541183670766,-18.331882198825234,60.80102878993289,2.947328883376946
2002-08-04,58.19788348347769,-19.786628489750697,64.23501618952899,1.6377615024009256
2002-08-05,56.01806772396257,-21.04212791028131,64.60725906287496,0.017182074338972564
2002-08-06,56.75176746738224,-19.381081632159148,64.2844904098049,-0.27218000647652957
2002-08-07,56.644205481834035,-19.964120716608072,63.20563618862401,-0.11442644237110264
2002-08-08,56.88064157365974,-20.52591200461146,62.36410361201042,-0.4919462981651549
2002-08-09,57.69326673401391,-21.00298475911864,62.42958748625708,-1.0107690701060394
2002-08-10,56.73549909060783,-20.53885170946368,62.24585229057301,-1.4325979529795396
2002-08-11,57.60068898949955,-20.030987755739357,62.8824075161934,-2.0594078667728417
2002-08-12,54.89878729484869,-19.503991261072567,62.046367198864175,-2.274649634360847
2002-08-13,55.545645444759174,-20.563556987490475,62.26897281919681,-0.01679135903775064
2002-08-14,55.799121370906484,-20.06020420157853,60.759215573713824,-0.9211936621296026
2002-08-15,56.33800218467876,-20.472686005390052,60.92394109863418,1.4267081295774606
2002-08-16,57.90119708322019,-19.906046133384823,61.01469527855563,-0.5801417652134615
2002-08-17,58.92476220106166,-18.913831651030005,61.08503112530106,1.8822412492653238
2002-08-18,58.74758415633016,-21.402004702061628,62.392683158093774,1.2472896543888001
2002-08-19,58.81180681537292,-20.52976919493538,61.407667137418,1.225494616441117
2002-08-20,56.82874093488876,-21.66526610611009,62.00668962456583,2.843408821404356
2002-08-21,56.14553445034002,-22.282044121092568,60.263829014765484,2.390555851355446
2002-08-22,57.308556846905375,-21.050280591281922,61.55115293539713,2.194260557138825
2002-08-23,56.67359812264662,-21.94711954354672,61.8442650283442,2.04631104780623
2002-08-24,57.28387928074415,-23.1232104793916,60.81925562435066,0.9303242256925011
2002-08-25,57.01126608383499,-24.083884355033717,61.52219450206962,1.290978402320306
2002-08-26,56.85970687319599,-24.526844708615428,60.94319266980905,-1.226970361570396
2002-08-27,56.63606713034778,-23.611747526706566,61.05171324595819,-1.0476202988668715
2002-08-28,56.832844637135445,-24.08592759993018,62.59068018655692,-0.6630318597631953
2002-08-29,54.919697037633945,-24.49751958820202,62.806439922395974,-2.355151386323415
2002-08-30,54.63351860711314,-25.793290546293022,62.16925924056953,-2.5522660561859296
2002-08-31,54.00922400273085,-26.117093288945643,61.52927784066045,-2.8962961937681015
2002-09-01,53.060314534535436,-26.852872992108537,61.37034132471374,-3.525336303564939
2002-09-02,52.8878013918993,-28.50224873385602,62.36375931637069,-3.5988610818401603
2002-09-03,52.712396604886536,-28.277417346815565,61.90567313756424,-4.574602501832707
2002-09-04,52.651316719079155,-27.202877337743242,63.81954597847456,-6.0041783563745605
2002-09-05,54.250479722460696,-24.892027315099366,61.83816188561122,-8.629181193885
2002-09-06,54.65155192036796,-24.299388567826497,63.26989086412576,-9.500772239075264
2002-09-07,54.75244003656416,-23.455572979271214,63.11333769878104,-10.91940903159544
2002-09-08,55.49982068391899,-23.27036995389559,62.46316556911356,-9.194393401449586
2002-09-09,53.52681912320745,-23.252864118153592,60.731051644869574,-9.599274226898661
2002-09-10,53.78516945870424,-25.15681994115946,60.884862075184024,-10.253586241582482
2002-09-11,56.14740107503009,-24.555737984286264,59.83833766653979,-8.528403400339414
2002-09-12,56.84374844079038,-23.186547554710543,59.63385561898389,-9.115873245112757
2002-09-13,57.14936620721683,-22.811209252038726,60.84244708771706,-9.382213684839225
2002-09-14,55.97118273628236,-23.31776012160404,60.90311305360565,-9.392839400147832
2002-09-15,56.37556578448452,-23.375641607140256,61.80719890480082,-9.974659854261255
2002-09-16,56.46024415350214,-20.546059965193454,61.15367913936549,-10.75202778894915
2002-09-17,55.24233668544521,-21.020333851642732,61.17376563693196,-11.514525997482494
2002-09-18,55.006215441227965,-20.508145995139216,61.91532093042835,-11.142930774718067
2002-09-19,54.743667349796546,-19.63450558154906,60.53274369401997,-11.011184943134065
2002-09-20,55.41936640906579,-20.66931966647829,61.958263750527806,-11.252549643010186
2002-09-21,55.45675144523258,-22.069460927860145,60.88255194815092,-10.790038662387198
2002-09-22,54.759267451430794,-21.56935287782066,60.02939851241044,-10.369345501680336
2002-09-23,53.8924725268955,-21.7127355802248,60.54841920034681,-9.973527446619434
2002-09-24,53.57637369109472,-23.223388746828405,60.722145744004585,-8.348040840817413
2002-09-25,53.00874838864635,-23.941133075777483,60.61806837303605,-10.268212022907509
2002-09-26,53.63140574565044,-23.28954953494247,62.25535665339097,-10.8734436512467
